city,city_year_mean
Ribeirão Preto,52.88783392344248
Campinas,45.59086347112204
Osasco,44.68034687306036
Santo André,41.86728545679593
Duque de Caxias,41.378853666168276
São Bernardo do Campo,38.98137666268654
São Paulo,38.30793615968065
Guarulhos,35.45128348308503
Sorocaba,33.705932239612174
Rio de Janeiro,30.927202172553944
