city,city_year_mean
Ribeirão Preto,38.24381656854544
Rio de Janeiro,34.227209558286454
Osasco,32.986293897905405
Guarulhos,29.41480360282074
São Bernardo do Campo,28.746343278304764
São Paulo,27.548664428287307
Duque de Caxias,27.393669622683763
Sorocaba,26.866251191467487
Campinas,24.430790172741794
