city,city_year_mean
Duque de Caxias,0.8559245514054844
Osasco,0.7352582101150995
Ribeirão Preto,0.5851722271314079
Campinas,0.5487267882030545
São Paulo,0.4849490278235698
São Bernardo do Campo,0.4547001275919371
Rio de Janeiro,0.3645195427960733
