city,city_year_mean
Duque de Caxias,8.52924166168415
Osasco,2.953156627777383
São Bernardo do Campo,2.1036971613463633
São Paulo,1.9592760860949103
